"estadual_id","estadual_nome","estado","nivel","ano_referencia","time_id"
"acreano_1","Campeonato Acreano","AC",1,2026,"independencia_ac"
"acreano_1","Campeonato Acreano","AC",1,2026,"santa_cruz_ac"
"acreano_1","Campeonato Acreano","AC",1,2026,"galvez"
"acreano_1","Campeonato Acreano","AC",1,2026,"sao_francisco_ac"
"acreano_1","Campeonato Acreano","AC",1,2026,"adesg"
"acreano_1","Campeonato Acreano","AC",1,2026,"humaita_ac"
"acreano_1","Campeonato Acreano","AC",1,2026,"vasco_da_gama_ac"
"acreano_1","Campeonato Acreano","AC",1,2026,"rio_branco_ac"
"alagoano_1","Campeonato Alagoano","AL",1,2026,"crb"
"alagoano_1","Campeonato Alagoano","AL",1,2026,"csa"
"alagoano_1","Campeonato Alagoano","AL",1,2026,"asa"
"alagoano_1","Campeonato Alagoano","AL",1,2026,"coruripe"
"alagoano_1","Campeonato Alagoano","AL",1,2026,"cruzeiro_al"
"alagoano_1","Campeonato Alagoano","AL",1,2026,"cse"
"alagoano_1","Campeonato Alagoano","AL",1,2026,"murici"
"alagoano_1","Campeonato Alagoano","AL",1,2026,"penedense"
"amapaense_1","Campeonato Amapaense","AP",1,2026,"macapa_ec"
"amapaense_1","Campeonato Amapaense","AP",1,2026,"oratorio"
"amapaense_1","Campeonato Amapaense","AP",1,2026,"trem"
"amapaense_1","Campeonato Amapaense","AP",1,2026,"independente_ap"
"amapaense_1","Campeonato Amapaense","AP",1,2026,"ypiranga_ap"
"amapaense_1","Campeonato Amapaense","AP",1,2026,"santos_ap"
"amapaense_1","Campeonato Amapaense","AP",1,2026,"cristal"
"amapaense_1","Campeonato Amapaense","AP",1,2026,"sao_jose_ap"
"amazonense_1","Campeonato Amazonense","AM",1,2026,"amazonas_fc"
"amazonense_1","Campeonato Amazonense","AM",1,2026,"manaus_fc"
"amazonense_1","Campeonato Amazonense","AM",1,2026,"itacoatiara"
"amazonense_1","Campeonato Amazonense","AM",1,2026,"nacional_am"
"amazonense_1","Campeonato Amazonense","AM",1,2026,"manauara"
"amazonense_1","Campeonato Amazonense","AM",1,2026,"parintins"
"amazonense_1","Campeonato Amazonense","AM",1,2026,"princesa_do_solimoes"
"amazonense_1","Campeonato Amazonense","AM",1,2026,"sao_raimundo_am"
"baiano_a1","Campeonato Baiano - Série A1","BA",1,2026,"bahia"
"baiano_a1","Campeonato Baiano - Série A1","BA",1,2026,"vitoria"
"baiano_a1","Campeonato Baiano - Série A1","BA",1,2026,"galicia"
"baiano_a1","Campeonato Baiano - Série A1","BA",1,2026,"atletico_alagoinhas"
"baiano_a1","Campeonato Baiano - Série A1","BA",1,2026,"bahia_de_feira"
"baiano_a1","Campeonato Baiano - Série A1","BA",1,2026,"jacuipense"
"baiano_a1","Campeonato Baiano - Série A1","BA",1,2026,"jequie"
"baiano_a1","Campeonato Baiano - Série A1","BA",1,2026,"juazeirense"
"baiano_a1","Campeonato Baiano - Série A1","BA",1,2026,"porto_ba"
"baiano_a1","Campeonato Baiano - Série A1","BA",1,2026,"barcelona_ilheus"
"baiano_b","Campeonato Baiano - Série B","BA",2,2026,"leonico"
"baiano_b","Campeonato Baiano - Série B","BA",2,2026,"barreiras_fc"
"baiano_b","Campeonato Baiano - Série B","BA",2,2026,"camacari"
"baiano_b","Campeonato Baiano - Série B","BA",2,2026,"ecpp_vitoria_conquista"
"baiano_b","Campeonato Baiano - Série B","BA",2,2026,"feira_fc"
"baiano_b","Campeonato Baiano - Série B","BA",2,2026,"fluminense_de_feira"
"baiano_b","Campeonato Baiano - Série B","BA",2,2026,"grapiuna"
"baiano_b","Campeonato Baiano - Série B","BA",2,2026,"jacobina"
"baiano_b","Campeonato Baiano - Série B","BA",2,2026,"redencao"
"baiano_b","Campeonato Baiano - Série B","BA",2,2026,"ssa_fc"
"candangao_1","Campeonato Brasiliense","DF",1,2026,"gama"
"candangao_1","Campeonato Brasiliense","DF",1,2026,"samambaia"
"candangao_1","Campeonato Brasiliense","DF",1,2026,"sobradinho"
"candangao_1","Campeonato Brasiliense","DF",1,2026,"ceilandia"
"candangao_1","Campeonato Brasiliense","DF",1,2026,"capital_cf"
"candangao_1","Campeonato Brasiliense","DF",1,2026,"brasiliense"
"candangao_1","Campeonato Brasiliense","DF",1,2026,"real_brasilia"
"candangao_1","Campeonato Brasiliense","DF",1,2026,"paranoa"
"candangao_1","Campeonato Brasiliense","DF",1,2026,"brasilia_fc"
"candangao_1","Campeonato Brasiliense","DF",1,2026,"aruc"
"capixaba_1","Campeonato Capixaba","ES",1,2026,"rio_branco_es"
"capixaba_1","Campeonato Capixaba","ES",1,2026,"vitoria_es"
"capixaba_1","Campeonato Capixaba","ES",1,2026,"desportiva_ferroviaria"
"capixaba_1","Campeonato Capixaba","ES",1,2026,"porto_vitoria"
"capixaba_1","Campeonato Capixaba","ES",1,2026,"real_noroeste"
"capixaba_1","Campeonato Capixaba","ES",1,2026,"rio_branco_vn"
"capixaba_1","Campeonato Capixaba","ES",1,2026,"vilavelhense"
"capixaba_1","Campeonato Capixaba","ES",1,2026,"serra_fc"
"capixaba_1","Campeonato Capixaba","ES",1,2026,"forte_fc"
"carioca_a","Campeonato Carioca - Série A","RJ",1,2025,"flamengo"
"carioca_a","Campeonato Carioca - Série A","RJ",1,2025,"fluminense"
"carioca_a","Campeonato Carioca - Série A","RJ",1,2025,"vasco_da_gama"
"carioca_a","Campeonato Carioca - Série A","RJ",1,2025,"botafogo"
"carioca_a","Campeonato Carioca - Série A","RJ",1,2025,"bangu"
"carioca_a","Campeonato Carioca - Série A","RJ",1,2025,"boavista_rj"
"carioca_a","Campeonato Carioca - Série A","RJ",1,2025,"madureira"
"carioca_a","Campeonato Carioca - Série A","RJ",1,2025,"marica"
"carioca_a","Campeonato Carioca - Série A","RJ",1,2025,"nova_iguacu"
"carioca_a","Campeonato Carioca - Série A","RJ",1,2025,"portuguesa_rj"
"carioca_a","Campeonato Carioca - Série A","RJ",1,2025,"sampaio_correa_rj"
"carioca_a","Campeonato Carioca - Série A","RJ",1,2025,"volta_redonda"
"carioca_a2","Campeonato Carioca - Série A2","RJ",2,2025,"america_rj"
"carioca_a2","Campeonato Carioca - Série A2","RJ",2,2025,"americano"
"carioca_a2","Campeonato Carioca - Série A2","RJ",2,2025,"araruama"
"carioca_a2","Campeonato Carioca - Série A2","RJ",2,2025,"audax_rio"
"carioca_a2","Campeonato Carioca - Série A2","RJ",2,2025,"bangu"
"carioca_a2","Campeonato Carioca - Série A2","RJ",2,2025,"duque_de_caxias"
"carioca_a2","Campeonato Carioca - Série A2","RJ",2,2025,"olaria"
"carioca_a2","Campeonato Carioca - Série A2","RJ",2,2025,"perolas_negras"
"carioca_a2","Campeonato Carioca - Série A2","RJ",2,2025,"petropolis"
"carioca_a2","Campeonato Carioca - Série A2","RJ",2,2025,"resende"
"carioca_a2","Campeonato Carioca - Série A2","RJ",2,2025,"sao_goncalo_ec"
"catarinense_1","Campeonato Catarinense - Série A","SC",1,2026,"avai"
"catarinense_1","Campeonato Catarinense - Série A","SC",1,2026,"chapecoense"
"catarinense_1","Campeonato Catarinense - Série A","SC",1,2026,"criciuma"
"catarinense_1","Campeonato Catarinense - Série A","SC",1,2026,"figueirense"
"catarinense_1","Campeonato Catarinense - Série A","SC",1,2026,"carlos_renaux"
"catarinense_1","Campeonato Catarinense - Série A","SC",1,2026,"joinville"
"catarinense_1","Campeonato Catarinense - Série A","SC",1,2026,"santa_catarina_ec"
"catarinense_1","Campeonato Catarinense - Série A","SC",1,2026,"brusque_fc"
"catarinense_1","Campeonato Catarinense - Série A","SC",1,2026,"camboriu_fc"
"catarinense_1","Campeonato Catarinense - Série A","SC",1,2026,"concordia_ac"
"catarinense_1","Campeonato Catarinense - Série A","SC",1,2026,"marcilio_dias"
"catarinense_1","Campeonato Catarinense - Série A","SC",1,2026,"barra_fc"
"cearense_1","Campeonato Cearense","CE",1,2026,"ceara"
"cearense_1","Campeonato Cearense","CE",1,2026,"fortaleza"
"cearense_1","Campeonato Cearense","CE",1,2026,"ferroviario_ce"
"cearense_1","Campeonato Cearense","CE",1,2026,"maracana_ce"
"cearense_1","Campeonato Cearense","CE",1,2026,"horizonte"
"cearense_1","Campeonato Cearense","CE",1,2026,"quixada"
"cearense_1","Campeonato Cearense","CE",1,2026,"floresta"
"cearense_1","Campeonato Cearense","CE",1,2026,"iguatu"
"cearense_1","Campeonato Cearense","CE",1,2026,"tirol"
"cearense_1","Campeonato Cearense","CE",1,2026,"maranguape"
"gauchao_a","Campeonato Gaúcho","RS",1,2026,"gremio"
"gauchao_a","Campeonato Gaúcho","RS",1,2026,"internacional"
"gauchao_a","Campeonato Gaúcho","RS",1,2026,"juventude"
"gauchao_a","Campeonato Gaúcho","RS",1,2026,"avenida"
"gauchao_a","Campeonato Gaúcho","RS",1,2026,"caxias"
"gauchao_a","Campeonato Gaúcho","RS",1,2026,"guarany_bage"
"gauchao_a","Campeonato Gaúcho","RS",1,2026,"inter_santa_maria"
"gauchao_a","Campeonato Gaúcho","RS",1,2026,"monsoon"
"gauchao_a","Campeonato Gaúcho","RS",1,2026,"novo_hamburgo"
"gauchao_a","Campeonato Gaúcho","RS",1,2026,"sao_jose_rs"
"gauchao_a","Campeonato Gaúcho","RS",1,2026,"sao_luiz"
"gauchao_a","Campeonato Gaúcho","RS",1,2026,"ypiranga_rs"
"gauchao_a2","Campeonato Gaúcho - Série A2","RS",2,2026,"aimore"
"gauchao_a2","Campeonato Gaúcho - Série A2","RS",2,2026,"apafut"
"gauchao_a2","Campeonato Gaúcho - Série A2","RS",2,2026,"gremio_bage"
"gauchao_a2","Campeonato Gaúcho - Série A2","RS",2,2026,"brasil_pelotas"
"gauchao_a2","Campeonato Gaúcho - Série A2","RS",2,2026,"brasil_farroupilha"
"gauchao_a2","Campeonato Gaúcho - Série A2","RS",2,2026,"esportivo_bento_goncalves"
"gauchao_a2","Campeonato Gaúcho - Série A2","RS",2,2026,"sc_gaucho"
"gauchao_a2","Campeonato Gaúcho - Série A2","RS",2,2026,"gloria"
"gauchao_a2","Campeonato Gaúcho - Série A2","RS",2,2026,"gramadense"
"gauchao_a2","Campeonato Gaúcho - Série A2","RS",2,2026,"guarani_va"
"gauchao_a2","Campeonato Gaúcho - Série A2","RS",2,2026,"lajeadense"
"gauchao_a2","Campeonato Gaúcho - Série A2","RS",2,2026,"passo_fundo"
"gauchao_a2","Campeonato Gaúcho - Série A2","RS",2,2026,"pelotas"
"gauchao_a2","Campeonato Gaúcho - Série A2","RS",2,2026,"santa_cruz_rs"
"gauchao_a2","Campeonato Gaúcho - Série A2","RS",2,2026,"uniao_frederiquense"
"gauchao_a2","Campeonato Gaúcho - Série A2","RS",2,2026,"veranopolis"
"goiano_1","Campeonato Goiano","GO",1,2026,"goias"
"goiano_1","Campeonato Goiano","GO",1,2026,"vila_nova"
"goiano_1","Campeonato Goiano","GO",1,2026,"atletico_goianiense"
"goiano_1","Campeonato Goiano","GO",1,2026,"aparecidense"
"goiano_1","Campeonato Goiano","GO",1,2026,"anapolina"
"goiano_1","Campeonato Goiano","GO",1,2026,"abecat"
"goiano_1","Campeonato Goiano","GO",1,2026,"centro_oeste_go"
"goiano_1","Campeonato Goiano","GO",1,2026,"anapolis_fc"
"goiano_1","Campeonato Goiano","GO",1,2026,"crac"
"goiano_1","Campeonato Goiano","GO",1,2026,"goiatuba"
"goiano_1","Campeonato Goiano","GO",1,2026,"inhumas"
"goiano_1","Campeonato Goiano","GO",1,2026,"jataiense"
"maranhense_1","Campeonato Maranhense","MA",1,2026,"mac"
"maranhense_1","Campeonato Maranhense","MA",1,2026,"imperatriz"
"maranhense_1","Campeonato Maranhense","MA",1,2026,"iape"
"maranhense_1","Campeonato Maranhense","MA",1,2026,"sampaio_correa_ma"
"maranhense_1","Campeonato Maranhense","MA",1,2026,"moto_club"
"maranhense_1","Campeonato Maranhense","MA",1,2026,"tuntum"
"maranhense_1","Campeonato Maranhense","MA",1,2026,"luminense_ma"
"maranhense_1","Campeonato Maranhense","MA",1,2026,"itz_sport"
"matogrossense_1","Campeonato Matogrossense","MT",1,2026,"cuiaba"
"matogrossense_1","Campeonato Matogrossense","MT",1,2026,"operario_vg"
"matogrossense_1","Campeonato Matogrossense","MT",1,2026,"varzea_grande_ec"
"matogrossense_1","Campeonato Matogrossense","MT",1,2026,"luverdense"
"matogrossense_1","Campeonato Matogrossense","MT",1,2026,"mixto"
"matogrossense_1","Campeonato Matogrossense","MT",1,2026,"nova_mutum"
"matogrossense_1","Campeonato Matogrossense","MT",1,2026,"sport_sinop"
"matogrossense_1","Campeonato Matogrossense","MT",1,2026,"primavera_ac"
"matogrossense_1","Campeonato Matogrossense","MT",1,2026,"uniao_rondonopolis"
"matogrossense_1","Campeonato Matogrossense","MT",1,2026,"chapada_fc"
"mineiro_modulo_1","Campeonato Mineiro - Módulo I","MG",1,2026,"cruzeiro"
"mineiro_modulo_1","Campeonato Mineiro - Módulo I","MG",1,2026,"atletico_mg"
"mineiro_modulo_1","Campeonato Mineiro - Módulo I","MG",1,2026,"america_mg"
"mineiro_modulo_1","Campeonato Mineiro - Módulo I","MG",1,2026,"urt"
"mineiro_modulo_1","Campeonato Mineiro - Módulo I","MG",1,2026,"uberlandia_ec"
"mineiro_modulo_1","Campeonato Mineiro - Módulo I","MG",1,2026,"democrata_gv"
"mineiro_modulo_1","Campeonato Mineiro - Módulo I","MG",1,2026,"pouso_alegre"
"mineiro_modulo_1","Campeonato Mineiro - Módulo I","MG",1,2026,"tombense"
"mineiro_modulo_1","Campeonato Mineiro - Módulo I","MG",1,2026,"betim_fc"
"mineiro_modulo_1","Campeonato Mineiro - Módulo I","MG",1,2026,"north_ec"
"mineiro_modulo_1","Campeonato Mineiro - Módulo I","MG",1,2026,"itabirito"
"mineiro_modulo_1","Campeonato Mineiro - Módulo I","MG",1,2026,"athletic_club_mg"
"mineiro_modulo_2","Campeonato Mineiro - Módulo II","MG",2,2026,"boa_esporte"
"mineiro_modulo_2","Campeonato Mineiro - Módulo II","MG",2,2026,"patrocinense"
"mineiro_modulo_2","Campeonato Mineiro - Módulo II","MG",2,2026,"caldense"
"mineiro_modulo_2","Campeonato Mineiro - Módulo II","MG",2,2026,"guarani_mg"
"mineiro_modulo_2","Campeonato Mineiro - Módulo II","MG",2,2026,"mamore"
"mineiro_modulo_2","Campeonato Mineiro - Módulo II","MG",2,2026,"uberaba_sc"
"mineiro_modulo_2","Campeonato Mineiro - Módulo II","MG",2,2026,"coimbra_ec"
"mineiro_modulo_2","Campeonato Mineiro - Módulo II","MG",2,2026,"democrata_sl"
"mineiro_modulo_2","Campeonato Mineiro - Módulo II","MG",2,2026,"aymores"
"mineiro_modulo_2","Campeonato Mineiro - Módulo II","MG",2,2026,"valeriodoce"
"mineiro_modulo_2","Campeonato Mineiro - Módulo II","MG",2,2026,"villa_nova"
"mineiro_modulo_2","Campeonato Mineiro - Módulo II","MG",2,2026,"ipatinga_fc"
"paraense_1","Campeonato Paraense","PA",1,2026,"remo"
"paraense_1","Campeonato Paraense","PA",1,2026,"paysandu"
"paraense_1","Campeonato Paraense","PA",1,2026,"bragantino_pa"
"paraense_1","Campeonato Paraense","PA",1,2026,"castanhal"
"paraense_1","Campeonato Paraense","PA",1,2026,"tuna_luso"
"paraense_1","Campeonato Paraense","PA",1,2026,"aguia_de_maraba"
"paraense_1","Campeonato Paraense","PA",1,2026,"capitao_poco"
"paraense_1","Campeonato Paraense","PA",1,2026,"santa_rosa_pa"
"paraense_1","Campeonato Paraense","PA",1,2026,"cameta"
"paraense_1","Campeonato Paraense","PA",1,2026,"sao_francisco_pa"
"paraense_1","Campeonato Paraense","PA",1,2026,"sao_raimundo_pa"
"paraense_1","Campeonato Paraense","PA",1,2026,"amazonia_pa"
"paraibano_1","Campeonato Paraibano","PB",1,2026,"atletico_cajazeirense"
"paraibano_1","Campeonato Paraibano","PB",1,2026,"botafogo_pb"
"paraibano_1","Campeonato Paraibano","PB",1,2026,"campinense"
"paraibano_1","Campeonato Paraibano","PB",1,2026,"confianca_pb"
"paraibano_1","Campeonato Paraibano","PB",1,2026,"esporte_pb"
"paraibano_1","Campeonato Paraibano","PB",1,2026,"nacional_patos"
"paraibano_1","Campeonato Paraibano","PB",1,2026,"pombal"
"paraibano_1","Campeonato Paraibano","PB",1,2026,"serra_branca"
"paraibano_1","Campeonato Paraibano","PB",1,2026,"sousa"
"paraibano_1","Campeonato Paraibano","PB",1,2026,"treze"
"paranaense_1","Campeonato Paranaense","PR",1,2026,"athletico_pr"
"paranaense_1","Campeonato Paranaense","PR",1,2026,"coritiba"
"paranaense_1","Campeonato Paranaense","PR",1,2026,"londrina"
"paranaense_1","Campeonato Paranaense","PR",1,2026,"operario_ferroviario"
"paranaense_1","Campeonato Paranaense","PR",1,2026,"foz_do_iguacu"
"paranaense_1","Campeonato Paranaense","PR",1,2026,"fc_cascavel"
"paranaense_1","Campeonato Paranaense","PR",1,2026,"cianorte"
"paranaense_1","Campeonato Paranaense","PR",1,2026,"azuriz"
"paranaense_1","Campeonato Paranaense","PR",1,2026,"sao_joseense"
"paranaense_1","Campeonato Paranaense","PR",1,2026,"maringa_fc"
"paranaense_1","Campeonato Paranaense","PR",1,2026,"andraus"
"paranaense_1","Campeonato Paranaense","PR",1,2026,"galo_maringa"
"paulistao_a1","Campeonato Paulista - Série A1","SP",1,2026,"corinthians"
"paulistao_a1","Campeonato Paulista - Série A1","SP",1,2026,"palmeiras"
"paulistao_a1","Campeonato Paulista - Série A1","SP",1,2026,"sao_paulo"
"paulistao_a1","Campeonato Paulista - Série A1","SP",1,2026,"santos"
"paulistao_a1","Campeonato Paulista - Série A1","SP",1,2026,"sao_bernardo"
"paulistao_a1","Campeonato Paulista - Série A1","SP",1,2026,"novorizontino"
"paulistao_a1","Campeonato Paulista - Série A1","SP",1,2026,"red_bull_bragantino"
"paulistao_a1","Campeonato Paulista - Série A1","SP",1,2026,"mirassol"
"paulistao_a1","Campeonato Paulista - Série A1","SP",1,2026,"guarani"
"paulistao_a1","Campeonato Paulista - Série A1","SP",1,2026,"ponte_preta"
"paulistao_a1","Campeonato Paulista - Série A1","SP",1,2026,"velo_clube"
"paulistao_a1","Campeonato Paulista - Série A1","SP",1,2026,"portuguesa"
"paulistao_a1","Campeonato Paulista - Série A1","SP",1,2026,"botafogo_sp"
"paulistao_a1","Campeonato Paulista - Série A1","SP",1,2026,"primavera"
"paulistao_a1","Campeonato Paulista - Série A1","SP",1,2026,"noroeste"
"paulistao_a1","Campeonato Paulista - Série A1","SP",1,2026,"capivariano"
"paulistao_a2","Campeonato Paulista - Série A2","SP",2,2026,"agua_santa"
"paulistao_a2","Campeonato Paulista - Série A2","SP",2,2026,"ferroviaria"
"paulistao_a2","Campeonato Paulista - Série A2","SP",2,2026,"gremio_prudente"
"paulistao_a2","Campeonato Paulista - Série A2","SP",2,2026,"inter_de_limeira"
"paulistao_a2","Campeonato Paulista - Série A2","SP",2,2026,"ituano"
"paulistao_a2","Campeonato Paulista - Série A2","SP",2,2026,"juventus_sp"
"paulistao_a2","Campeonato Paulista - Série A2","SP",2,2026,"linense"
"paulistao_a2","Campeonato Paulista - Série A2","SP",2,2026,"monte_azul"
"paulistao_a2","Campeonato Paulista - Série A2","SP",2,2026,"osasco_sporting"
"paulistao_a2","Campeonato Paulista - Série A2","SP",2,2026,"santo_andre"
"paulistao_a2","Campeonato Paulista - Série A2","SP",2,2026,"sao_bento"
"paulistao_a2","Campeonato Paulista - Série A2","SP",2,2026,"sao_jose_sp"
"paulistao_a2","Campeonato Paulista - Série A2","SP",2,2026,"sertaozinho"
"paulistao_a2","Campeonato Paulista - Série A2","SP",2,2026,"taubate"
"paulistao_a2","Campeonato Paulista - Série A2","SP",2,2026,"votuporanguense"
"paulistao_a2","Campeonato Paulista - Série A2","SP",2,2026,"xv_de_piracicaba"
"paulistao_a3","Campeonato Paulista - Série A3","SP",3,2026,"bandeirante"
"paulistao_a3","Campeonato Paulista - Série A3","SP",3,2026,"catanduva"
"paulistao_a3","Campeonato Paulista - Série A3","SP",3,2026,"desportivo_brasil"
"paulistao_a3","Campeonato Paulista - Série A3","SP",3,2026,"francana"
"paulistao_a3","Campeonato Paulista - Série A3","SP",3,2026,"itapirense"
"paulistao_a3","Campeonato Paulista - Série A3","SP",3,2026,"marilia"
"paulistao_a3","Campeonato Paulista - Série A3","SP",3,2026,"paulista_jundiai"
"paulistao_a3","Campeonato Paulista - Série A3","SP",3,2026,"portuguesa_santista"
"paulistao_a3","Campeonato Paulista - Série A3","SP",3,2026,"rio_branco_americana"
"paulistao_a3","Campeonato Paulista - Série A3","SP",3,2026,"rio_claro"
"paulistao_a3","Campeonato Paulista - Série A3","SP",3,2026,"rio_preto"
"paulistao_a3","Campeonato Paulista - Série A3","SP",3,2026,"uniao_barbarense"
"paulistao_a3","Campeonato Paulista - Série A3","SP",3,2026,"uniao_sao_joao"
"paulistao_a3","Campeonato Paulista - Série A3","SP",3,2026,"ec_sao_bernardo"
"paulistao_a3","Campeonato Paulista - Série A3","SP",3,2026,"uniao_suzano"
"paulistao_a3","Campeonato Paulista - Série A3","SP",3,2026,"xv_de_jau"
"paulistao_a4","Campeonato Paulista - Série A4","SP",4,2026,"inter_de_bebedouro"
"paulistao_a4","Campeonato Paulista - Série A4","SP",4,2026,"sao_caetano"
"paulistao_a4","Campeonato Paulista - Série A4","SP",4,2026,"penapolense"
"paulistao_a4","Campeonato Paulista - Série A4","SP",4,2026,"sao_carlense"
"paulistao_a4","Campeonato Paulista - Série A4","SP",4,2026,"barretos"
"paulistao_a4","Campeonato Paulista - Série A4","SP",4,2026,"taquaritinga"
"paulistao_a4","Campeonato Paulista - Série A4","SP",4,2026,"jacarei"
"paulistao_a4","Campeonato Paulista - Série A4","SP",4,2026,"lemense"
"paulistao_a4","Campeonato Paulista - Série A4","SP",4,2026,"ecus"
"paulistao_a4","Campeonato Paulista - Série A4","SP",4,2026,"comercial_ribeirao_preto"
"paulistao_a4","Campeonato Paulista - Série A4","SP",4,2026,"tanabi"
"paulistao_a4","Campeonato Paulista - Série A4","SP",4,2026,"jabaquara"
"paulistao_a4","Campeonato Paulista - Série A4","SP",4,2026,"vocem"
"paulistao_a4","Campeonato Paulista - Série A4","SP",4,2026,"colorado_caieiras"
"paulistao_a4","Campeonato Paulista - Série A4","SP",4,2026,"nacional_catanduva"
"paulistao_a4","Campeonato Paulista - Série A4","SP",4,2026,"aracatuba"
"pernambucano_a1","Campeonato Pernambucano - Série A1","PE",1,2026,"sport_recife"
"pernambucano_a1","Campeonato Pernambucano - Série A1","PE",1,2026,"nautico"
"pernambucano_a1","Campeonato Pernambucano - Série A1","PE",1,2026,"santa_cruz"
"pernambucano_a1","Campeonato Pernambucano - Série A1","PE",1,2026,"maguary"
"pernambucano_a1","Campeonato Pernambucano - Série A1","PE",1,2026,"jaguar"
"pernambucano_a1","Campeonato Pernambucano - Série A1","PE",1,2026,"retro"
"pernambucano_a1","Campeonato Pernambucano - Série A1","PE",1,2026,"decisao"
"pernambucano_a1","Campeonato Pernambucano - Série A1","PE",1,2026,"vitoria_tabocas"
"pernambucano_a2","Campeonato Pernambucano - Série A2","PE",2,2025,"aguia_cumaru"
"pernambucano_a2","Campeonato Pernambucano - Série A2","PE",2,2025,"america_pe"
"pernambucano_a2","Campeonato Pernambucano - Série A2","PE",2,2025,"belo_jardim"
"pernambucano_a2","Campeonato Pernambucano - Série A2","PE",2,2025,"caruaru_city"
"pernambucano_a2","Campeonato Pernambucano - Série A2","PE",2,2025,"centro_limoeirense"
"pernambucano_a2","Campeonato Pernambucano - Série A2","PE",2,2025,"ipojuca"
"pernambucano_a2","Campeonato Pernambucano - Série A2","PE",2,2025,"porto_caruaru"
"pernambucano_a2","Campeonato Pernambucano - Série A2","PE",2,2025,"vera_cruz_pe"
"pernambucano_a2","Campeonato Pernambucano - Série A2","PE",2,2025,"vitoria_tabocas"
"pernambucano_a2","Campeonato Pernambucano - Série A2","PE",2,2025,"ypiranga_pe"
"piauiense_1","Campeonato Piauiense","PI",1,2026,"oeirense"
"piauiense_1","Campeonato Piauiense","PI",1,2026,"fluminense_pi"
"piauiense_1","Campeonato Piauiense","PI",1,2026,"piaui_ec"
"piauiense_1","Campeonato Piauiense","PI",1,2026,"altos"
"piauiense_1","Campeonato Piauiense","PI",1,2026,"corisabba"
"piauiense_1","Campeonato Piauiense","PI",1,2026,"teresina_ec"
"piauiense_1","Campeonato Piauiense","PI",1,2026,"parnahyba"
"piauiense_1","Campeonato Piauiense","PI",1,2026,"cap_pi"
"potiguar_1","Campeonato Potiguar","RN",1,2026,"abc_rn"
"potiguar_1","Campeonato Potiguar","RN",1,2026,"america_rn"
"potiguar_1","Campeonato Potiguar","RN",1,2026,"globo_fc"
"potiguar_1","Campeonato Potiguar","RN",1,2026,"laguna"
"potiguar_1","Campeonato Potiguar","RN",1,2026,"potiguar_mossoro"
"potiguar_1","Campeonato Potiguar","RN",1,2026,"potyguar_seridoense"
"potiguar_1","Campeonato Potiguar","RN",1,2026,"qfc"
"potiguar_1","Campeonato Potiguar","RN",1,2026,"santa_cruz_rn"
"rondoniense_1","Campeonato Rondoniense","RO",1,2026,"porto_velho_ec"
"rondoniense_1","Campeonato Rondoniense","RO",1,2026,"rondoniense_ro"
"rondoniense_1","Campeonato Rondoniense","RO",1,2026,"genus"
"rondoniense_1","Campeonato Rondoniense","RO",1,2026,"barcelona_ro"
"rondoniense_1","Campeonato Rondoniense","RO",1,2026,"ji_parana"
"rondoniense_1","Campeonato Rondoniense","RO",1,2026,"uniao_cacoalense"
"rondoniense_1","Campeonato Rondoniense","RO",1,2026,"guapore_fc"
"roraimense_1","Campeonato Roraimense","RR",1,2026,"monte_roraima"
"roraimense_1","Campeonato Roraimense","RR",1,2026,"bare"
"roraimense_1","Campeonato Roraimense","RR",1,2026,"sao_raimundo_rr"
"roraimense_1","Campeonato Roraimense","RR",1,2026,"rio_negro_rr"
"roraimense_1","Campeonato Roraimense","RR",1,2026,"atletico_roraima"
"roraimense_1","Campeonato Roraimense","RR",1,2026,"gas"
"roraimense_1","Campeonato Roraimense","RR",1,2026,"nautico_rr"
"roraimense_1","Campeonato Roraimense","RR",1,2026,"progresso"
"roraimense_1","Campeonato Roraimense","RR",1,2026,"river_rr"
"sergipano_1","Campeonato Sergipano","SE",1,2026,"confianca"
"sergipano_1","Campeonato Sergipano","SE",1,2026,"america_propria"
"sergipano_1","Campeonato Sergipano","SE",1,2026,"atletico_gloriense"
"sergipano_1","Campeonato Sergipano","SE",1,2026,"dorense"
"sergipano_1","Campeonato Sergipano","SE",1,2026,"guarany_porto_da_folha"
"sergipano_1","Campeonato Sergipano","SE",1,2026,"itabaiana"
"sergipano_1","Campeonato Sergipano","SE",1,2026,"lagarto"
"sergipano_1","Campeonato Sergipano","SE",1,2026,"falcon"
"sergipano_1","Campeonato Sergipano","SE",1,2026,"sergipe_fc"
"sergipano_1","Campeonato Sergipano","SE",1,2026,"desportiva_aracaju"
"sul_matogrossense_1","Campeonato Sul-Mato-Grossense","MS",1,2026,"operario_ms"
"sul_matogrossense_1","Campeonato Sul-Mato-Grossense","MS",1,2026,"pantanal_fc"
"sul_matogrossense_1","Campeonato Sul-Mato-Grossense","MS",1,2026,"aguia_negra"
"sul_matogrossense_1","Campeonato Sul-Mato-Grossense","MS",1,2026,"corumbaense"
"sul_matogrossense_1","Campeonato Sul-Mato-Grossense","MS",1,2026,"costa_rica_ms"
"sul_matogrossense_1","Campeonato Sul-Mato-Grossense","MS",1,2026,"cra_aquidauana"
"sul_matogrossense_1","Campeonato Sul-Mato-Grossense","MS",1,2026,"bataguassu"
"sul_matogrossense_1","Campeonato Sul-Mato-Grossense","MS",1,2026,"naviraiense"
"sul_matogrossense_1","Campeonato Sul-Mato-Grossense","MS",1,2026,"dourados_ac"
"sul_matogrossense_1","Campeonato Sul-Mato-Grossense","MS",1,2026,"ivinhema"
"tocantinense_1","Campeonato Tocantinense","TO",1,2026,"araguaina"
"tocantinense_1","Campeonato Tocantinense","TO",1,2026,"bela_vista_to"
"tocantinense_1","Campeonato Tocantinense","TO",1,2026,"capital_fc_to"
"tocantinense_1","Campeonato Tocantinense","TO",1,2026,"guarai"
"tocantinense_1","Campeonato Tocantinense","TO",1,2026,"gurupi"
"tocantinense_1","Campeonato Tocantinense","TO",1,2026,"palmas_fc"
"tocantinense_1","Campeonato Tocantinense","TO",1,2026,"tocantinopolis"
"tocantinense_1","Campeonato Tocantinense","TO",1,2026,"uniao_to"
